{
  "ctf.enemycapturedtheflag": {
    "category": "master",
    "sounds": [
      "ctf/enemycapturedtheflag"
    ]
  },
  "ctf.enemyflagcaptured": {
    "category": "master",
    "sounds": [
      "ctf/enemyflagcaptured"
    ]
  },
  "ctf.enemyflagtaken": {
    "category": "master",
    "sounds": [
      "ctf/enemyflagtaken"
    ]
  },
  "ctf.flagreturned": {
    "category": "master",
    "sounds": [
      "ctf/flagreturned"
    ]
  },
  "ctf.friendlyflagtaken": {
    "category": "master",
    "sounds": [
      "ctf/friendlyflagtaken"
    ]
  },
  "ctf.powerup.spawn": {
    "category": "master",
    "sounds": [
      "ctf/powerup_spawn"
    ]
  },
  "ctf.powerup.speed": {
    "category": "master",
    "sounds": [
      "ctf/powerup_speed"
    ]
  },
  "defeat": {
    "category": "master",
    "sounds": [
      "defeat"
    ]
  },
  "dig.stone": {
    "category": "master",
    "sounds": [
      "dig/stone1",
      "dig/stone2",
      "dig/stone3",
      "dig/stone4"
    ]
  },
  "gamestart": {
    "category": "master",
    "sounds": [
      "gamestart"
    ]
  },
  "mage.arcaneshield.activation": {
    "category": "master",
    "sounds": [
      "mage/arcaneshield_activation"
    ]
  },
  "mage.fireball.activation": {
    "category": "master",
    "sounds": [
      "mage/fireball_activation"
    ]
  },
  "mage.fireball.impact": {
    "category": "master",
    "sounds": [
      "mage/fireball_impact"
    ]
  },
  "mage.firebreath.activation": {
    "category": "master",
    "sounds": [
      "mage/firebreath_activation"
    ]
  },
  "mage.flameburst.impact": {
    "category": "master",
    "sounds": [
      "mage/flameburst_impact"
    ]
  },
  "mage.freezingbreath.activation": {
    "category": "master",
    "sounds": [
      "mage/freezingbreath_activation"
    ]
  },
  "mage.frostbolt.activation": {
    "category": "master",
    "sounds": [
      "mage/frostbolt_activation"
    ]
  },
  "mage.frostbolt.impact": {
    "category": "master",
    "sounds": [
      "mage/frostbolt_impact"
    ]
  },
  "mage.healingrain.impact": {
    "category": "master",
    "sounds": [
      "mage/healingrain_impact"
    ]
  },
  "mage.icebarrier.activation": {
    "category": "master",
    "sounds": [
      "mage/icebarrier_activation"
    ]
  },
  "mage.inferno.activation": {
    "category": "master",
    "sounds": [
      "mage/inferno_activation"
    ]
  },
  "mage.timewarp.activation": {
    "category": "master",
    "sounds": [
      "mage/timewarp_activation"
    ]
  },
  "mage.timewarp.teleport": {
    "category": "master",
    "sounds": [
      "mage/timewarp_teleport"
    ]
  },
  "mage.waterbolt.activation": {
    "category": "master",
    "sounds": [
      "mage/waterbolt_activation"
    ]
  },
  "mage.waterbolt.impact": {
    "category": "master",
    "sounds": [
      "mage/waterbolt_impact"
    ]
  },
  "mage.waterbreath.activation": {
    "category": "master",
    "sounds": [
      "mage/waterbreath_activation"
    ]
  },
  "mountup": {
    "category": "master",
    "sounds": [
      "mountup"
    ]
  },
  "notreadyalert": {
    "category": "master",
    "sounds": [
      "notreadyalert"
    ]
  },
  "paladin.avengerswrath.activation": {
    "category": "master",
    "sounds": [
      "paladin/avengerswrath_activation"
    ]
  },
  "paladin.barrieroflight.impact": {
    "category": "master",
    "sounds": [
      "paladin/barrieroflight_impact"
    ]
  },
  "paladin.consecrate.activation": {
    "category": "master",
    "sounds": [
      "paladin/consecrate_activation"
    ]
  },
  "paladin.hammeroflight.impact": {
    "category": "master",
    "sounds": [
      "paladin/hammeroflight_impact"
    ]
  },
  "paladin.holyradiance.activation": {
    "category": "master",
    "sounds": [
      "paladin/holyradiance_activation"
    ]
  },
  "paladin.infusionoflight.activation": {
    "category": "master",
    "sounds": [
      "paladin/infusionoflight_activation"
    ]
  },
  "paladin.inspiringpresence.activation": {
    "category": "master",
    "sounds": [
      "paladin/inspiringpresence_activation"
    ]
  },
  "paladin.paladinstrike.activation": {
    "category": "master",
    "sounds": [
      "paladin/paladinstrike_activation"
    ]
  },
  "victory": {
    "category": "master",
    "sounds": [
      "victory"
    ]
  },
  "warrior.berserk.activation": {
    "category": "master",
    "sounds": [
      "warrior/berserk_activation"
    ]
  },
  "warrior.bloodlust.activation": {
    "category": "master",
    "sounds": [
      "warrior/bloodlust_activation"
    ]
  },
  "warrior.groundslam.activation": {
    "category": "master",
    "sounds": [
      "warrior/groundslam_activation"
    ]
  },
  "warrior.intervene.block": {
    "category": "master",
    "sounds": [
      "warrior/intervene_block1",
      "warrior/intervene_block2",
      "warrior/intervene_block3"
    ]
  },
  "warrior.intervene.impact": {
    "category": "master",
    "sounds": [
      "warrior/intervene_impact"
    ]
  },
  "warrior.laststand.activation": {
    "category": "master",
    "sounds": [
      "warrior/laststand_activation"
    ]
  },
  "warrior.mortalstrike.impact": {
    "category": "master",
    "sounds": [
      "warrior/mortalstrike_impact"
    ]
  },
  "warrior.seismicwave.activation": {
    "category": "master",
    "sounds": [
      "warrior/seismicwave_activation"
    ]
  }
}